Count,Message,Traceback,Nodes
7,"HTTPConnectionPool(host='localhost', port=8080): Read timed out. (read timeout=8)","  File ""/home/mm/.local/lib/python3.14/site-packages/locust/user/task.py"", line 362, in run
    self.execute_next_task()
    ~~~~~~~~~~~~~~~~~~~~~~^^
  File ""/home/mm/.local/lib/python3.14/site-packages/locust/user/task.py"", line 395, in execute_next_task
    self.execute_task(self._task_queue.popleft())
    ~~~~~~~~~~~~~~~~~^^^^^^^^^^^^^^^^^^^^^^^^^^^^
  File ""/home/mm/.local/lib/python3.14/site-packages/locust/user/task.py"", line 512, in execute_task
    task(self.user)
    ~~~~^^^^^^^^^^^
  File ""/home/mm/map2-audio/tests/load_test.py"", line 251, in midi_cc_burst
    self._refresh_ids()
    ~~~~~~~~~~~~~~~~~^^
  File ""/home/mm/map2-audio/tests/load_test.py"", line 217, in _refresh_ids
    if chains.ok:
       ^^^^^^^^^
  File ""/usr/lib/python3.14/site-packages/requests/models.py"", line 764, in ok
    self.raise_for_status()
    ~~~~~~~~~~~~~~~~~~~~~^^
  File ""/home/mm/.local/lib/python3.14/site-packages/locust/clients.py"", line 362, in raise_for_status
    raise self.error
  File ""/home/mm/.local/lib/python3.14/site-packages/locust/clients.py"", line 425, in __exit__
    self.raise_for_status()
    ~~~~~~~~~~~~~~~~~~~~~^^
  File ""/home/mm/.local/lib/python3.14/site-packages/locust/clients.py"", line 362, in raise_for_status
    raise self.error
  File ""/home/mm/.local/lib/python3.14/site-packages/locust/clients.py"", line 250, in _send_request_safe_mode
    return super().request(method, url, **kwargs)
           ~~~~~~~~~~~~~~~^^^^^^^^^^^^^^^^^^^^^^^
  File ""/usr/lib/python3.14/site-packages/requests/sessions.py"", line 589, in request
    resp = self.send(prep, **send_kwargs)
  File ""/usr/lib/python3.14/site-packages/requests/sessions.py"", line 703, in send
    r = adapter.send(request, **kwargs)
  File ""/usr/lib/python3.14/site-packages/requests/adapters.py"", line 690, in send
    raise ReadTimeout(e, request=request)
",local
4,"HTTPConnectionPool(host='localhost', port=8080): Max retries exceeded with url: /api/chains/ (Caused by ConnectTimeoutError(<HTTPConnection(host='localhost', port=8080) at 0x7f044d673680>, 'Connection to localhost timed out. (connect timeout=8)'))","  File ""/home/mm/.local/lib/python3.14/site-packages/locust/user/task.py"", line 362, in run
    self.execute_next_task()
    ~~~~~~~~~~~~~~~~~~~~~~^^
  File ""/home/mm/.local/lib/python3.14/site-packages/locust/user/task.py"", line 395, in execute_next_task
    self.execute_task(self._task_queue.popleft())
    ~~~~~~~~~~~~~~~~~^^^^^^^^^^^^^^^^^^^^^^^^^^^^
  File ""/home/mm/.local/lib/python3.14/site-packages/locust/user/task.py"", line 512, in execute_task
    task(self.user)
    ~~~~^^^^^^^^^^^
  File ""/home/mm/map2-audio/tests/load_test.py"", line 251, in midi_cc_burst
    self._refresh_ids()
    ~~~~~~~~~~~~~~~~~^^
  File ""/home/mm/map2-audio/tests/load_test.py"", line 217, in _refresh_ids
    if chains.ok:
       ^^^^^^^^^
  File ""/usr/lib/python3.14/site-packages/requests/models.py"", line 764, in ok
    self.raise_for_status()
    ~~~~~~~~~~~~~~~~~~~~~^^
  File ""/home/mm/.local/lib/python3.14/site-packages/locust/clients.py"", line 362, in raise_for_status
    raise self.error
  File ""/home/mm/.local/lib/python3.14/site-packages/locust/clients.py"", line 425, in __exit__
    self.raise_for_status()
    ~~~~~~~~~~~~~~~~~~~~~^^
  File ""/home/mm/.local/lib/python3.14/site-packages/locust/clients.py"", line 362, in raise_for_status
    raise self.error
  File ""/home/mm/.local/lib/python3.14/site-packages/locust/clients.py"", line 250, in _send_request_safe_mode
    return super().request(method, url, **kwargs)
           ~~~~~~~~~~~~~~~^^^^^^^^^^^^^^^^^^^^^^^
  File ""/usr/lib/python3.14/site-packages/requests/sessions.py"", line 589, in request
    resp = self.send(prep, **send_kwargs)
  File ""/usr/lib/python3.14/site-packages/requests/sessions.py"", line 703, in send
    r = adapter.send(request, **kwargs)
  File ""/usr/lib/python3.14/site-packages/requests/adapters.py"", line 665, in send
    raise ConnectTimeout(e, request=request)
",local
